epsilon,phi_0,taylor_corr,first_phi,first_dphi,overflow,step_cnt,status,max_r,S_kin,S_pot,max_residual
1.000000e-001,1.000000e+010,8.872846e+004,1.000035e+010,3.549392e+016,false,1,UNDERSHOOT,2.000000e-011,5.128965e-010,1.554408e-005,5.717458e+022
1.000000e-001,1.000000e+012,1.318439e+007,1.000053e+012,5.274307e+020,false,1,UNDERSHOOT,2.000000e-013,1.132535e-009,2.322579e-005,1.244948e+029
1.000000e-002,1.000000e+010,8.872846e+002,1.000000e+010,3.549141e+015,false,1,UNDERSHOOT,2.000000e-012,5.128262e-016,1.554202e-009,5.716448e+020
1.000000e-002,1.000000e+012,1.318439e+005,1.000001e+012,5.273762e+019,false,1,UNDERSHOOT,2.000000e-014,1.132308e-015,2.322126e-009,1.244626e+027
1.000000e-003,1.000000e+010,8.872846e+000,1.000000e+010,3.549139e+014,false,1,UNDERSHOOT,2.000000e-013,5.128255e-022,1.554200e-013,5.716441e+018
1.000000e-003,1.000000e+012,1.318439e+003,1.000000e+012,5.273756e+018,false,1,UNDERSHOOT,2.000000e-015,1.132306e-021,2.322122e-013,1.244623e+025
1.000000e-004,1.000000e+010,8.872846e-002,1.000000e+010,3.549139e+013,false,1,UNDERSHOOT,2.000000e-014,5.128255e-028,1.554200e-017,5.716541e+016
1.000000e-004,1.000000e+012,1.318439e+001,1.000000e+012,5.273756e+017,false,1,UNDERSHOOT,2.000000e-016,1.132306e-027,2.322122e-017,1.244614e+023
