r,phi,dphi
0,528607,0
0.00073,9.795e-006,-3.49153e+007
