r,phi,dphi
0,99775.3,0
10.2565,-1.19038e+014,1.10106e+013
