r,phi,dphi
0,381723,0
0.000829673,7.71423e-007,-6.32627e+007
