Test_Name,S_total,S_kin,S_pot
Baseline,-1,1.56095e+231,1.41812e+231
Wide Bracket (10 to 1e14),-1,1.56095e+231,1.41812e+231
RK4 tol 1e-3,-1,1.56095e+231,1.41812e+231
RK4 tol 1e-4,-1,1.56095e+231,1.41812e+231
Start r=1e-6,-1,1.56095e+231,1.41812e+231
Start r=1e-2,-1,1.56095e+231,1.41812e+231
